Daily update: Mon Oct 27 05:04:40 UTC 2025
Daily update: Mon Oct 27 06:26:25 UTC 2025
Daily update: Tue Oct 28 06:25:01 UTC 2025
Daily update: Wed Oct 29 06:25:04 UTC 2025
Daily update: Thu Oct 30 06:23:25 UTC 2025
Daily update: Fri Oct 31 06:23:44 UTC 2025
Daily update: Sat Nov  1 06:20:55 UTC 2025
Daily update: Sun Nov  2 06:22:12 UTC 2025
Daily update: Mon Nov  3 06:25:15 UTC 2025
Daily update: Tue Nov  4 06:24:19 UTC 2025
Daily update: Wed Nov  5 06:24:00 UTC 2025
Daily update: Thu Nov  6 06:24:13 UTC 2025
Daily update: Fri Nov  7 06:24:04 UTC 2025
Daily update: Sat Nov  8 06:21:21 UTC 2025
Daily update: Sun Nov  9 06:21:36 UTC 2025
Daily update: Mon Nov 10 06:26:47 UTC 2025
Daily update: Tue Nov 11 06:24:30 UTC 2025
Daily update: Wed Nov 12 06:24:41 UTC 2025
Daily update: Thu Nov 13 06:24:54 UTC 2025
Daily update: Fri Nov 14 06:24:42 UTC 2025
Daily update: Sat Nov 15 06:21:57 UTC 2025
